reward,urllc_avg_ratio,urllc_min_ratio,embb_avg_thr_ratio,embb_min_thr_ratio,spectrum_efficiency,resource_utilization
0.4880886703758848,2.8603458961430426,2.253823602861951,2.256376554541792,0.23325757181291892,2.256376554541792,0.09809577465057373
0.4947738380121972,2.856564374736986,2.110374821361143,2.337579691495774,0.7363296367299932,2.337579691495774,0.09809213131666183
0.49816140750126314,2.839684807282177,1.9990938620466174,2.2683080508352713,0.8307091999752686,2.2683080508352713,0.09943409264087677
0.4973765311945221,2.8360881598419314,2.1595196090442106,2.244620559746499,0.9666312556693762,2.244620559746499,0.09864532202482224
0.49840756901387945,2.8517307618461807,2.0035798801792417,2.3314867147783884,0.7121108708544338,2.3314867147783884,0.09882047772407532
0.5000235719235953,2.8507951346297893,1.8311068097482726,2.266162746108073,0.9999999999,2.266162746108073,0.09887576103210449
0.4849277525860254,2.8434867088295106,2.2613306684041232,2.191055936076841,0.7066677737786745,2.191055936076841,0.09851008653640747
0.488344061915006,2.848065075246062,2.0932182757465743,2.2995170542134225,0.22453894440774516,2.2995170542134225,0.09879136830568314
0.49014445479523155,2.8461354016408156,2.0832241639032882,2.2073813142385457,0.9377097771689261,2.2073813142385457,0.09834248572587967
0.4998815322699606,2.854787831097105,2.225875923659732,2.2908677105164155,0.9979236804328184,2.2908677105164155,0.098214291036129
0.4942761759573943,2.8494550779029133,2.148506154439277,2.2680497884113766,0.8997827863097145,2.2680497884113766,0.09858980029821396
0.49966836801818354,2.8480698118628416,1.8652834363525976,2.3333613801488617,0.9999999999,2.3333613801488617,0.09884381294250488
0.48596135481180225,2.8377926979722745,2.092199802510593,2.2099214535245504,0.43787272867636917,2.2099214535245504,0.09846945852041245
0.48997586523634207,2.835113588312493,1.9390196770529855,2.230480866594041,0.6352457511832484,2.230480866594041,0.09877235442399979
0.4929827721317928,2.849583184775102,2.2264295150662066,2.2730257811078514,0.6182147576052909,2.2730257811078514,0.09896525740623474
0.4970975843371485,2.8565743341378993,2.286852657696821,2.336558477596491,0.7662392921203004,2.336558477596491,0.09876911342144012
0.49558826545733836,2.855296447367667,1.819657466032553,2.325053881317158,0.6007543064616813,2.325053881317158,0.09812463819980621
0.49385545038442424,2.8477764501719314,2.1292376273315843,2.2880723432368177,0.8993738085849498,2.2880723432368177,0.09901339560747147
0.49391904691797855,2.8462474502693174,2.1357744087739774,2.264662413367162,0.9852392654100286,2.264662413367162,0.0985032469034195
0.50695193391678,2.856532009445919,1.7493730315644123,2.397550774656881,0.978466802498592,2.397550774656881,0.09793923050165176
0.5005653633846838,2.8653359446044924,2.130519667476953,2.3771215015680345,0.6092089284926988,2.3771215015680345,0.09834714233875275
0.5061021016040085,2.8537908935557708,2.1500862042384603,2.3409636425998332,1.0645230593810657,2.3409636425998332,0.09831587970256805
0.4956725446051754,2.857069452543335,2.106333625695584,2.308637011233836,0.9374330850635773,2.308637011233836,0.09846282005310059
0.48592175240685564,2.8600323794304066,2.237345706852653,2.2435965322489633,0.9284580858229355,2.2435965322489633,0.09834617376327515
0.4886033909305863,2.8448271881169647,2.0342215996155417,2.2804764581029158,0.4055626532251394,2.2804764581029158,0.09910525381565094
0.4977174705186497,2.8487015806416607,2.059648823989772,2.3078441467383506,0.9232197460452573,2.3078441467383506,0.09867627918720245
0.4943482624224238,2.8466733753319,2.0259132468050467,2.3202116768267733,0.5140546014937127,2.3202116768267733,0.09827808290719986
0.506794800980962,2.853105517850499,2.160009196970355,2.3589003724345954,0.9754188104344742,2.3589003724345954,0.09857108443975449
0.4854009612176059,2.8382042152191578,2.1073461892249994,2.2170082559036253,0.3916947220912735,2.2170082559036253,0.09810081869363785
0.49658762003211976,2.8449639925759915,2.144828965803431,2.271223249888071,0.9999999999,2.271223249888071,0.09906775504350662
0.4956370570568555,2.851359994660068,2.1035244037752534,2.3219013343207493,0.7477674909307762,2.3219013343207493,0.09866243600845337
0.5028631854001766,2.852887124603172,2.3030857800082076,2.3546879137031924,1.0238143624587601,2.3546879137031924,0.0982365608215332
0.4914635342139173,2.853590659414467,1.9860783993973097,2.2389621226161087,0.7142575880954066,2.2389621226161087,0.09859044849872589
0.501809802990233,2.853679004225306,2.1979379899217104,2.3423294000910526,1.0705339675916925,2.3423294000910526,0.09827318042516708
0.5006516772435932,2.8478729182919036,1.785858257086812,2.340782713020135,0.9354366385206013,2.340782713020135,0.0985029861330986
0.4835828060111584,2.8454897660263976,2.193353699646445,2.2005702287433238,0.4835237620844508,2.2005702287433238,0.09816217422485352
0.48901678613485805,2.8505652551157676,2.320016404082375,2.2717183152918405,0.5644800211673171,2.2717183152918405,0.0987081527709961
0.4842457876056649,2.841980441078014,2.1962809394763556,2.2308470255622037,0.7143434341585678,2.2308470255622037,0.09892641752958298
0.48809432362625665,2.856972819274397,2.2308121028061794,2.3162143567106783,0.5139609728042799,2.3162143567106783,0.09853798151016235
0.49524570445634847,2.857940238870078,2.1258848009811664,2.3643260024799164,0.0,2.3643260024799164,0.09871672093868256
0.487318949494918,2.844075189217571,2.2342776679652094,2.201782144766929,0.0,2.201782144766929,0.09814196079969406
0.503165968786857,2.844379175655727,2.1155035936387896,2.336010477987444,0.9776777836809629,2.336010477987444,0.09845683723688126
0.5048327604183285,2.86485746860937,1.917191708215415,2.4041724561587072,1.0951903029652967,2.4041724561587072,0.09822725504636765
0.4941263435312717,2.863644985034818,2.080826888446103,2.3280748889874765,0.9999999999,2.3280748889874765,0.09833068400621414
0.4998476656103674,2.853079110749114,1.8466990577449995,2.326946516555835,0.9891310595299234,2.326946516555835,0.09834899008274078
0.4923259704113284,2.8456043214980493,1.9742611241394885,2.3128010222375437,0.9897037727115561,2.3128010222375437,0.09857141226530075
0.4895125970828058,2.852685822609257,2.152501998788024,2.2350838277479625,0.8561976125218969,2.2350838277479625,0.09808386117219925
0.5006505898346093,2.8510708720922766,2.1551202265565115,2.364360015423296,0.919863629213254,2.364360015423296,0.09818476438522339
0.5003436137905206,2.8485191621246786,2.0979625150252916,2.3137808659992576,1.0669077799710074,2.3137808659992576,0.09788865596055984
0.48533564088519043,2.843285653775863,1.9795809495850003,2.2891912098000633,0.3455549726058042,2.2891912098000633,0.0986398309469223
